design_name,shorthand_name,amino acid sequence,on_target_seq
TGAGGAGAGGAG_3_48_design_4_model_18_dldesign_2_model_dldesign_1_model,PNRP1_design21,GPEEIRRKKEEAAAILNAWFLAHLENPYPSKEEREQLAEECGISVKTVRRRFTRLRREYRLAQALGLPFDPNAVPAPARSEEARAILDAWFEAHRENPVPSLEELRELAEATGLSARQLENWFQNRRAKARKK,TGAGGAGAGGAG
TGAGGAGAGGAG_4_44_design_0_model_15_dldesign_1_model_dldesign_2_model,PNRP1_design28,GRAPRGVRTPEQRAALDARFAESETLTPEERAALAAELGLSEKQVRNWFIRRRRKAKVLTPEQEALADRVKALRDRLGLTQAEFGKLIGRSQKTVSRIENKRIAPSDKTVAKLRAALAELEAKYA,TGAGGAGAGGAG
TGAGGAGAGGAG_6_50_design_5_model_20_dldesign_1_model_dldesign_3_model,PNRP1_design47,RGKRGPRRRRSAEQRAALDAVYKEKKRLTPEEAAALAAELGLTEKQVVNWFYHRRKQDELAEAKKTRETHPNSGRIKLTPEQKALLEAAFAKNPKPNVEEKKALSAETGLPLVYIENWFINKRAREKKKAK,TGAGGAGAGGAG
TGAGGAGAGGAG_3_49_design_9_model_0_relaxed_input_0_model_dldesign_1_model,PNRP1_design23,KPRPRRKKRSKEAKQILDDWFYANLDNPYPSTEEKKELSEKTGLTRKQIQNWFTNKRRNLGKKEFLASLTPEEQALVARSRAALRASGAMTRTQVRNMLDSKFGEIWKIRRKDKKKAEEATAELLAEMRAALEALE,TGAGGAGAGGAG
TGAGGAGAGGAG_6_45_design_13_model_25_dldesign_0_model_dldesign_4_model,PNRP1_design40,KKRPPARKSTEEEKKFLEEKFKEKKKLTEEEIKEIAEKLNRTEKQIRNWYRKRREQEERKASSEPKRRSAEAKAILDAWFYAHLENPVPSAEELEQLSKETGLSVLAIRRWFQNRRYRYKRKN,TGAGGAGAGGAG
TGAGGAGAGGAG_6_42_design_2_model_22_relaxed_input_0_model_dldesign_1_model,PNRP1_design39,RKPLTAEQKARLEAVFAENKNPDEATIRALAEELGLTEKQVRNWFRRRNRKLERDAAYKKLPGYVPGRRRPRSAEAVAILDDWFFANLDNPYPSAEEREELAKQTGLTVYQVRNWFTNRRTKYKKEH,TGAGGAGAGGAG
TGAGGAGAGGAG_2_44_design_0_model_0_dldesign_2_model_dldesign_1_model,PNRP1_design3,KRIKIIQPPALVALRERVLAELAPLAAELEIPASRVRALIRTHLTNELRRHFQLTDEECRAFFKAKYGRDDRSRQAMFRATAREKFAQLSPEEQAALIARLYPVILAKTRAGLERSAARRAAAAA,TGAGGAGAGGAG
TGAGGAGAGGAG_3_45_design_7_model_21_dldesign_1_model_dldesign_1_model,PNRP1_design14,ARAPRRLRTARQKEILDRAFAENPYPDDETIEELSKETGLSPKQIRLWFQYRRRQAKSKALAATPEAKALSEEIKAIREKLGLSQKELGELIGVSRQKIINAENGIGRSIAQLREILAKLRELEASRK,TGAGGAGAGGAG
TGAGGAGAGGAG_6_49_design_3_model_5_dldesign_4_model_dldesign_1_model,PNRP1_design43,GPRPKRRARSAEATAILEAWLAAHADNPWPTDEELRELAAACGLTVKQIRNWFTRQRRKRERAKYPRRLRTPEQKAVLDAAYERNPKPSKEEREQLAAQLNLTVYQIRQWFQNRNYRAKKK,TGAGGAGAGGAG
TGAGGAGAGGAG_6_47_design_10_model_13_dldesign_4_model_dldesign_2_model,PNRP1_design42,GRPPRRPRSAEAKAILDAWFYANLENPYPSDEELEELAKQTGLSVKQIKSWFANRRRRHERAQRLAAGEISTRRVRASAEARAILDAWFFANLDNPRPSAEEREELAAQTGLTVEQVRIWFQNRRLRYKKKNA,TGAGGAGAGGAG
TGAGGAGAGGAG_3_45_design_3_model_25_dldesign_2_model_dldesign_1_model,PNRP1_design12,KKRRRTKRTEEQKEILFNWLKANLENPKPSDEEIKELAEKTGLTEKQIRNWFHYRRQLFGLEELEKTDPVYAKLAAAFARNPRPSKEEIEALAKEIGKTPKQVRRWFIRRRNAVKLKKEL,TGAGGAGAGGAG
TGAGGAGAGGAG_5_47_design_16_model_3_dldesign_3_model_dldesign_0_model,PNRP1_design49,AAERRTISAEQKAILDAAFARNRRPSKEEIEELAKETGRSVKTIRNWFTRRRRKERDEAASGPDTRPLTAEQKARLEEAFARNPYPNRAEREALARELGLSVDRIRRWFIRRRYKARKEAKK,TGAGGAGAGGAG
GGGCTTGCGA_2_49_design_14_model_18_dldesign_0_model_dldesign_1_model,OCT4pt2_design27,RKKRGKLTEEQKEKLLEAFKKNKKPSKEELKKLAEELNLTVKQIKNWFKNRRYNLKRFEELVAVLPESGCISFEEAVEAMRKIIAARGGNPNTSERNIRNRVGSALALALKLELITRVETEEGTFYCL,GGGCTTGCGA
CAGCAGCAGCAG_2_44_design_7_model_10_dldesign_0_model_dldesign_0_model,CAG_design2,RKRRTAEQKAALDAAYAKQKTFTPEQRKEIAEELGLTVKQVKNWFQHRRYNEKIKAAAAACKNREELLDYLRERLSRTRSPEAVEKIIAALKENEYPSDEEIEALAKETNQSVGSVRYVFQLYRRLLRYFKAS,CAGCAGCAGCAG
GGTGAAATGA_1_51_design_9_model_27_dldesign_4_model_dldesign_3_model,OCT4pt1_design4,ARRRRTRSAEQRARLDAFYDELRAANPERSGKFTAEELERIRALAEELGLSVKQVINYIKNRRKLERAKAYAAANPEEVDALVALIREAMARVSEMEGRRVTQAEFAERYLGISGSTLSQILNKLRVPSAETRARILAAVAEIEKL,GGTGAAATGA
TGAGGAGAGGAG_6_42_design_1_model_13_dldesign_0_model_dldesign_2_model,PNRP1_design38,AAPRPRRRRLTPEQRARLEAAFARSPRLTPEEREALAAELGLTPAQVRAWFRRRRERVALAADPRYVPGKRRSAEARAILDEWFYANLDNPNPSKEQREELSEKTGLSVIQIRRWFQNRKYKYKQAQK,TGAGGAGAGGAG
TGAGGAGAGGAG_2_45_design_13_model_21_dldesign_2_model_dldesign_1_model,PNRP1_design5,ARPKRVLLTPEQRAALEEAFARNPYPSKEEREELAKRLNLSVKRIRIWFINRRYRARLDAETGTRKGPMPAEAKAILDAWFYANLDNPYPSAEELKELAKQTGLSIRRIRNYFNNRRVEAKKK,TGAGGAGAGGAG
TGAGGAGAGGAG_3_50_design_2_model_13_relaxed_input_0_model_dldesign_3_model,PNRP1_design25,GRKRRRRRTAEQRAALDAAFEKNKYPSTEEREEIAKELGLTRKQVQIWFQNRRRREKLDALDAALGLPRRHEGPYSAEQKALLDAAFARNPHPNAAERLALARQTGLGLRQVRNWFANRRAKLRAES,TGAGGAGAGGAG
TGAGGAGAGGAG_3_47_design_3_model_16_dldesign_4_model_dldesign_0_model,PNRP1_design18,GKRRTLEQRIRLLEAFIENPRPNAAQREALAEELGLSVKQVRNWFTNRRYRLKKKILYSKLSAEEQAELDALRAEARAERDPARRRELRREYNRLFRELCARRGLTSKSVTDEELREEARKELERLLAEAAK,TGAGGAGAGGAG
GGGCTTGCGA_2_49_design_14_model_18_dldesign_0_model_dldesign_3_model,OCT4pt2_design41,RRPRGKLSPEQRERLLAAFRENPKPSAEQLEELAAELNLSVQQIRNWFRNRRYALKVFEQLVAVLPESGCITFEEAVAAMREIIAAAGGNPNTSERNVRNRVGTALALALELELIRRVETEEGTVYCL,GGGCTTGCGA
TGAGGAGAGGAG_4_44_design_14_model_4_dldesign_0_model_dldesign_1_model,PNRP1_design29,ARRRRSAEQRAALDAAFARNPRPTTAEKDALAAELGLTRKQVTAWFNYRRRKAKGDALPAEVKARYAALKARRRALGLSSADLAALLAARGIDKSAQSIRRYENCRRTPDPALEAAMEAVLAE,TGAGGAGAGGAG
CAGCAGCAGCAG_4_51_design_3_model_16_dldesign_1_model_dldesign_3_model,CAG_design19,ARRRRWTPEELAKLEAALAKYGTGNYEEIAAFVGTRTVAQVKAKVQHLRRLEKYKRWLKAYEEEGFEAVEKLEKNPKKLELMRAYIENPKPNKEELEELAERLGMKVKTVRQEFSRLRNAKKELEKEK,CAGCAGCAGCAG
CAGCAGCAGCAG_5_51_design_1_model_13_dldesign_4_model_dldesign_2_model,CAG_design21,GPRTKLSAEQKAALDAAFARNPRPSDEEIEELAARLGLTPKQIRNWFQHRRRAERDAAERAAMGVSAARRRRTAEQKAVLDEAYAKNPYPSREEKERLARELGLTVQQIANWFANRRRKDKKAAK,CAGCAGCAGCAG
CAGCAGCAGCAG_2_47_design_0_model_17_dldesign_2_model_dldesign_2_model,CAG_design4,DEKRKRHNARQKAKHAAAVAELKKLEAQGYKKPPKTYKELIEEAILSRPDKRATIDEIVDYLVNTYEYFRKASGTAAYHWRHTIRGTLSKDKRFIKIPRKPGEPGRGSYYTINPEYLKTL,CAGCAGCAGCAG
CAGCAGCAGCAG_3_46_design_0_model_18_dldesign_1_model_dldesign_3_model,CAG_design11,RRRRRRTAEQTARLEAAYARSRRLSAEERARLAEELGLSEKQIRNWFSRRRRLDKLGDLLALPLEEVRDLVSPSMYLLLAAFKEKPVLTPEEREELAKQTGLSVKSVRYKYTELRAAAKRR,CAGCAGCAGCAG
CAGCAGCAGCAG_2_50_design_9_model_12_dldesign_4_model_dldesign_1_model,CAG_design7,GYRGPLHKWTPEQIAALDAAFARNPYPNKEEIEALAAELGLTPKQVRNWFYRRRRLAKVENATPVPLSEELLPLVEALKANRNPDLETQIKLYEILPYPSHALLKTIADYCELSARQIINFFQNLRRKVKKLLAQ,CAGCAGCAGCAG
TGAGGAGAGGAG_3_45_design_7_model_12_dldesign_2_model_dldesign_3_model,PNRP1_design13,GKPPKPYNKRTDEQRARLEAEYAKKPKLTKEERKVLAEELGLTEKQIRNWYQNRRYREAKKAVLDEIAALVPECKAQPEKLGPSTIIELARRFLRSHGVEVEEKEKELSLTELRELLETIRRVLAEEA,TGAGGAGAGGAG
CAGCAGCAGCAG_3_48_design_5_model_22_dldesign_0_model_dldesign_3_model,CAG_design13,APRPRRVRRSAEAHAILDAWFNAHLDNPYPSAEEKEQLAEQTGLSVKQIRDWFSNRRARYRDKVARERYFEKYGYKLPTRNTLLRKIREAEKAKDYESAIKYVEQLLKLYECMEECGYPVSKKAIANAEKRLEEAKK,CAGCAGCAGCAG
TGAGGAGAGGAG_5_46_design_9_model_8_dldesign_0_model_dldesign_3_model,PNRP1_design33,SVLEEAFARNPRPTEEEIEALAKELGKTVKQIRNWFYHRRRRAARGAPRRLTPEQRAILDAAFARNPRPNRAQREEIAARTGLPVERIQLLFQNRRYRARLRAWAASQGLADATRREQVAAKQAAKK,TGAGGAGAGGAG
GGGCTTGCGA_0_48_design_14_model_18_dldesign_2_model_dldesign_4_model,OCT4pt2_design10,RKRRRLFTAEQWAILDAAHAKNPNPNEKEIEELAEKLGGVRPKTVRRRFIKLNDVDRGALELVEINGRRRFRIPAASKEILDAAFKRNPYPNAAQLAELSAQTGLSVSTIRDWFNNRRAQEKRK,GGGCTTGCGA
CAGCAGCAGCAG_4_51_design_3_model_16_dldesign_1_model_dldesign_1_model,CAG_design17,ARRRRWTPEELAKLEAALAKYGTGNYDKIAAYVGTRTVAQVKAKVQHLRRLEKWKKYLKAYKEEGFEAVLKLEKNPKKQKLMKAYIKNPKPNKEELEELAKELGLKVKTVRQKFSELRNAEKLLEEEK,CAGCAGCAGCAG
CGTATAAACG_3_47_design_12_model_24_dldesign_0_model_dldesign_4_model,TATA_design20,RGKRKRRTAEQIARLEAVFAEKPELTEEEIEELAKELGLTPKQIRNWFTNRRRRVKREAALAALKAADPARYARSQQPLTPEERAILDAAFAQNPYPNKAQREELAAQTGRTVYQIENWFANRRKKLKEAAK,CGTATAAACG
CAGCAGCAGCAG_2_45_design_15_model_0_dldesign_2_model_dldesign_1_model,CAG_design3,RKPRTKRSAEQKAALDAAFARSPRLTTEEREELAARLGLTVKQVRNWFAQRRRKAKEEAQPNYSKAPLTAEQRARLEAAFERNPYPSKAEREALAEELNLTVERIQRWFANRRAKVKAAAKAA,CAGCAGCAGCAG
GGGCTTGCGA_0_45_design_2_model_0_dldesign_0_model_dldesign_1_model,OCT4pt2_design6,MRGKLTPEQRAALDAEFARRPELTDEEIEELARRLGLTPEQVRRWYKRRRSDLRWAERCEALYGVRPVRREGRRSAEARAILDAWFYANLENPYPSEEELLRLMAQTGLTASQVRNWFSSRRYAYRKKHA,GGGCTTGCGA
CAGCAGCAGCAG_3_46_design_8_model_29_dldesign_4_model_dldesign_1_model,CAG_design12,ARRRRTPEQKAALDAAYARNPRPSKEERAALAAELGLSESSVTNYFTRRNRLDKYVAELTAALAAGLSLEEAVARVLGGNKAKIALELLKKPELSVEEIDELAKKLNLKRSTIRTHRGFIKQLAARIPELAKALGIAP,CAGCAGCAGCAG
GGTGAAATGA_1_49_design_11_model_24_dldesign_4_model_dldesign_0_model,OCT4pt1_design1,MRSKPRRRTPEQIARLEAAFARNPKPNTAERQALAEELGLSVQQVRNWFNNRRRKVILDEDKAKHTPEEWKEIKAELDEVFAKNKKPNKEEIEELAEKLNVSVLYIRRWFATRRANEKRAA,GGTGAAATGA
GGGCTTGCGA_3_49_design_5_model_17_dldesign_4_model_dldesign_3_model,OCT4pt2_design35,RGKRTKLSAEQRAILEAAFARNPRPSRAEREALAAETGLSVEQIRNYFRNRRLRQKYQEKVDAALAELHAQGSRLDLTAGSILYVIRSLTPEELATLRRLCLDDPSERVSRIDLGIRALRLLAAQGRIQGITSSQSLLAAVRALIAAAR,GGGCTTGCGA
CAGCAGCAGCAG_4_51_design_3_model_16_dldesign_1_model_dldesign_2_model,CAG_design18,ARRRRWTPEEIAKLEEALAKYGTGNYEKIAEFVGTRTVKQVKAKVQHLRRLEKWKEYLRAYREEGFEAVKKIAKNEKKQILFEAYAKNPRPNKEELEALAKELGLTVKTVRQRFSMLRKAERELEAEA,CAGCAGCAGCAG
CAGCAGCAGCAG_5_51_design_7_model_10_dldesign_3_model_dldesign_1_model,CAG_design24,GARAPQRKRTAEQKAALDAAFAKNPYPTDEEIEELAKRLGLTPKQIKNWFQHRRRKVKEDAEYKAMGLDPNKRLKRTAEQIAALEAAFARNRYPSTEEKTALAEELKLPKSTITRWFANRRAKEKKK,CAGCAGCAGCAG
GGGCTTGCGA_4_42_design_6_model_15_dldesign_3_model_dldesign_1_model,OCT4pt2_design42,RARRTAEQLAILDARFAERTTLTDEELAALAAETGLTEKTVRQYFTTRRTKQDAEAVAWAKEFKERRKALGLTQADIGRLLGEYFGTPKSQSTISRIENLRLSLANFRRYKPLLEKLLALLEAQ,GGGCTTGCGA
GGTGAAATGA_2_49_design_10_model_8_dldesign_0_model_dldesign_0_model,OCT4pt1_design8,AKRRKRTAEQKARLDAAFERNPRPSDEELRALAEELGLTFEQVRQWFQYRRRKDEGANLPAEVKARLAEFKARRKALGLSAADLGAYLATLGHPRSATTITRFENARMSLANIEKWWPILEAALDRLEAEAAG,GGTGAAATGA
GGTGAAATGA_1_48_design_12_model_24_dldesign_3_model_dldesign_4_model,OCT4pt1_design17,GRRRRTPEQRAALDAAFARNPNPTDAEIEALAAELGISPKSVRQWFSDRRNVANATEEERRAAALIRQTRQELGLTQADVGALLGELFGTPRSQSTISRFENLRLGKAAFERLKRQLLALLRALGVPEARIAEIAA,GGTGAAATGA
GGGCTTGCGA_1_45_design_12_model_13_dldesign_0_model_dldesign_4_model_dldesign_11_model,OCT4pt2_specblock_design9,MKPKRRRRTREQRERLLAVFRENPYPTPEELEQLCEQLSQELGLSKEQIRNWFRNRRRKWKLYKLSGFTLEEFIERELNPDRTPLTAEQKAILDAAFAKNPKPTLEQMIELAKQTGLTVYQVYIWFQVRRSRAKK,GGGCTTGCGA
TGAGGAGAGGAG_2_42_design_6_model_26_dldesign_1_model_dldesign_0_model_dldesign_40_model,PNRP1_specblock_design4,RKPPTKRTAEQKARLEEAFAKNEKPNTAEKEALAKELNLTVKQIRYWFANRRRKKKLEAEDAKLDLKPEWTAEARAILDAWFEAHRENPYPSRAERLELARQTGLSLRRVRNWFIHRRREAKKL,TGAGGAGAGGAG
TGAGGAGAGGAG_2_42_design_6_model_26_dldesign_1_model_dldesign_0_model_dldesign_91_model,PNRP1_specblock_design5,RKKPTKLSAEQKAALEEAFAENPKPNTAQREQLAKELNLSVKQIRYWFANRRRKEKIAAEDATLALRPEWTPEARAILDAWFEAHKDNPYPSREERLELARQTGLSLARVRNWFIHRRREQKKL,TGAGGAGAGGAG
TGAGGAGAGGAG_2_42_design_6_model_26_dldesign_1_model_dldesign_4_model_dldesign_51_model,PNRP1_specblock_design7,RKRPLKRTPEQVAELEAAFAKNKKPNKEEREALAKRLNLTVKQIRYWFANRRLKEKIAEIDAKLPIKPELTPEAKAILDEWFEANKENPYPSREELIELSEKTGLTLRRIRNWFTHRRREEKKK,TGAGGAGAGGAG
TGAGGAGAGGAG_2_43_design_9_model_26_dldesign_1_model_dldesign_0_model_dldesign_35_model,PNRP1_specblock_design9,GRKPRKKRSAELRAIYDPLLAELREKLKNETDPFRILEITAEWKERFDAAYEANKARLTAEERKRLRLLRANTVRRGCLKAFEASLPPEERAAVAGAGRRAKLAALRRETLAEIYGGKIPKLPGIELTRKAVEYHAAQAAK,TGAGGAGAGGAG
TGAGGAGAGGAG_2_44_design_0_model_0_dldesign_2_model_dldesign_1_model_dldesign_95_model,PNRP1_specblock_design10,SRIKIIQPPELVALRERVLAELAPLAEELEIPRSRVLALIKTHLTNLLKRHFQLTEEECRAFFKETYGRDDRSTRSMFRATSRYLFAQLSPEEQAALVARLYPEVLAKVRAGLLRSAARRAAAAL,TGAGGAGAGGAG
TGAGGAGAGGAG_2_47_design_5_model_20_relaxed_input_0_model_dldesign_0_model_dldesign_19_model,PNRP1_specblock_design21,RKPSKKRLKRTPEQIARLEARFAENPKLTPEEIEELAKELNLTPEQVRIWYINRRRKDKYENLPELPLPEERIPDLDKIAELIKEKKTSSEEFKELFAKIPHPDEAELVYIAKKSGRTPYQIRNIFANRRTRERKEK,TGAGGAGAGGAG
TGAGGAGAGGAG_2_51_design_16_model_29_dldesign_3_model_dldesign_3_model_dldesign_77_model,PNRP1_specblock_design23,KKRRTAEQRKILLDAFLKNPYPSKEELEELAEKTGLSVKQVRLYFIRMRTKFRATFAIMKVIRPDVTEEEVREWLVAYFKVERPRRPTPELLKAYIEAHRDNPYPTTEELAELCQQTGLTPYQVRQRFVNFRQKQAREAKAAAAAL,TGAGGAGAGGAG
TGAGGAGAGGAG_3_42_design_0_model_22_dldesign_2_model_dldesign_2_model_dldesign_15_model,PNRP1_specblock_design24,GRGKRVKRTAEQRAVLDARYAERRRLTDEERAALAAELNLTVAQVRRWFTRRRLDDKYDALARSLGLDPDAPARPRTAEQKAILDAAFERNPRPSREERIELAKQTGLTPRQVQRWFIRRRAAVKAAAKAAAA,TGAGGAGAGGAG
TGAGGAGAGGAG_3_42_design_3_model_27_relaxed_input_0_model_dldesign_3_model_dldesign_61_model,PNRP1_specblock_design36,MKKPRAPRTVLTPEQRARLEAAFAARPRLTPAERAALAEELGLTPKQVARWFQRRRRRLKEEAAIAELAKRVPGFRYGAPLTAEQRARLDAAFARNPYPNRAEREALAAELGLSLKQVRNWFANRRRKLKAEAKAAAAAAE,TGAGGAGAGGAG
TGAGGAGAGGAG_3_42_design_5_model_22_dldesign_1_model_dldesign_1_model_dldesign_1_model,PNRP1_specblock_design38,TKRRPRVRLTAEQKARLDARFKEKVVLTDEELAALAKELGLSEIRIYNWFKYRRQKAKKAIAKAKGREKTTPEDTEELYKELGQEKVKKPKLVKTAEQKAILDEAFKKNPYPNDEELAELAEKTGLSVVQIYIWFQNRRFREK,TGAGGAGAGGAG
TGAGGAGAGGAG_3_42_design_5_model_22_dldesign_1_model_dldesign_1_model_dldesign_28_model,PNRP1_specblock_design39,TKRKPRVRLTAEQRARLDARFEEKLVLTDEEREELAKELGLSEIRIYNWFKYRRQKGKKEIAKARGRKKTTPEDTEELYKEHGQTKVKKPRLVKSDEQKAILDEAFKKNPYPNDEEIEELAKKTGLSKVQIYIWFQNRRYRAK,TGAGGAGAGGAG
TGAGGAGAGGAG_3_44_design_11_model_22_relaxed_input_0_model_dldesign_0_model_dldesign_32_model,PNRP1_specblock_design46,MKRRGAKRRTLSAEQKAILDAVYAKNKYPSAEEREQIAKETGLTVKQVKQWFINRRTKDKYGAPPASERRRATAEQRAILDAAFERNKRPSLEERRELAEQTGLTPYQVRQWFTNRRTKEARK,TGAGGAGAGGAG
TGAGGAGAGGAG_3_44_design_16_model_14_dldesign_1_model_dldesign_3_model_dldesign_98_model,PNRP1_specblock_design47,AAARGKRRPRTAEQKERLLAVFAEKQKLTTEEREALAAELGLSVKQIQRWYTRTRAKVKLLEAAGLPVDVSTLYKPTKRTAEQKAALEAAFARNPRPSDEEIIALAKELGLKPYVVKQWFDNRRAKARKAAKLAAL,TGAGGAGAGGAG
TGAGGAGAGGAG_3_45_design_3_model_22_dldesign_0_model_dldesign_3_model_dldesign_20_model,PNRP1_specblock_design52,KGRGKRRRRTPEQVAALEAAYARSPTLTLEERRALAAELGLTVKQVRDWFTNRRMRDTPEEEFIAALKADTSLTPEERKILEGRIKYGSDWKKIAATIPGYTPKQVRGKWRSLRRRVVRR,TGAGGAGAGGAG
TGAGGAGAGGAG_3_47_design_10_model_3_dldesign_2_model_dldesign_4_model_dldesign_66_model,PNRP1_specblock_design59,RPGRRRTRRTPEQRAALEAAFARNPRPSVAERRALAEELGLTVKQVRNWFATRRRSEKRKAAKAANAASLPADVDLEALARRAKEILDAWYEAHKDNPYPSKEEREQLAQETRRTVYQVQDYFRNRRRKEKKK,TGAGGAGAGGAG
TGAGGAGAGGAG_3_47_design_6_model_15_dldesign_3_model_dldesign_1_model_dldesign_12_model,PNRP1_specblock_design63,GVGGRGRRSAEQIAILEAAFEKNPKPSKEELEELAKQTGLSVKSIKRWFQRRRRNVREGKVYVPGRGWQLPVTPEAKAILDAWFEAHKDNPVPSAEERAQLAEQTGLTVAAIRRWFTRRRANEKRKKK,TGAGGAGAGGAG
TGAGGAGAGGAG_3_48_design_1_model_1_dldesign_1_model_dldesign_0_model_dldesign_57_model,PNRP1_specblock_design67,GRVYNNSKLTKEEIEERNNILYEWFQKNLDNPYPSKEEIKEITEKIGKISEKSVRQAFSRLRSRNKLWKFVYGKPYDREADHKEWTEEARKILDEWFFANLDDPHPSDEEIKELCEKTGLSPVQIRNWFTNRRFRYKKALKE,TGAGGAGAGGAG
TGAGGAGAGGAG_3_49_design_14_model_26_relaxed_input_0_model_dldesign_0_model_dldesign_11_model,PNRP1_specblock_design71,GRARVVPRSAEQRARLEARFAEKKRLSKPEREALAAELGLTVKQVQIWFQNRRRKEKIEKANPDYKRGAVTDEAKAILDKWFFANLDNPYPSKEERKELAEKTGYTVFQIQNWFANRRYRYKKELAAL,TGAGGAGAGGAG
GGTGAAATGA_0_50_design_7_model_1_dldesign_0_model_dldesign_0_model_dldesign_19_model,OCT4pt1_specblock_design16,RRVRTPEQRAILDAAFARNPEPNEEEIEELAKQTGLTPKQVRNWFKNRRRAVKDAKKPPPDPFVVRFRELRKQLGLTQAEVAERLSELLQAAEGTTISQSTVSRFERQRLGPSGVAKLRPFLEQLHAEWEAELAQ,GGTGAAATGA
GGTGAAATGA_0_50_design_7_model_1_dldesign_0_model_dldesign_0_model_dldesign_96_model,OCT4pt1_specblock_design17,RRVRTPEQRAILDAAFARNPRPNEEEIRALAERTGLTPEQVRNWFRNRRRAVKDAKKPPPDPFVVEFRRLRRQLGLTQAQVAERLSERLEAAEGTTISQSTVSRFERQRLGPAGVARLRPFVEELHAEWRAELAR,GGTGAAATGA
GGTGAAATGA_0_50_design_7_model_6_dldesign_3_model_dldesign_3_model_dldesign_48_model,OCT4pt1_specblock_design20,MKGGRFSAEAKEILDKWFNENLENPYPTEEELEKLSKETGVSIKSIRNYFKYKRREYRGAQAPAEVHAFAAAFKALRKALGYTQAEVGKEVGERYLGKPLSATTISRFENMRLGPGSIARLLPALQRWDAEQRAQ,GGTGAAATGA
GGTGAAATGA_0_50_design_7_model_6_dldesign_3_model_dldesign_3_model_dldesign_8_model,OCT4pt1_specblock_design21,MKGGRFSDEAKAILDAWFNAHLDNPYPTDEELEELSKLTGVSIKSIRNYFKYRRRVYRGAQAPAEVHAFAAEFRALRKALGLTQAQVGREVGERYLGRPLSATTISRFENMRLGPGSIARLLPALRRWAAEQRAK,GGTGAAATGA
AGGGTTAGGGTT_1_42_design_5_model_4_dldesign_4_model_dldesign_0_model_dldesign_1_model,HSTELO_specblock_design1,GARKRRTPEQRARLAAAFLANPRPNVAEKEALAAELGLSVAQVRAFFQVLRHAQRKFQEMQTIPLDPALAAMTIEEQKAWALKVLTEELGLSEKQAKIKINNTRNLVTTIRKYLPEAAGVPDRVLWARGFQLALRKERAKKEA,AGGGTTAGGGTT
AGGGTTAGGGTT_1_43_design_5_model_28_dldesign_0_model_dldesign_4_model_dldesign_75_model,HSTELO_specblock_design4,GSRKRRSAEQKARLEAAFARNPRPSDEELEALAKELNLTVKQIRNWFRRRRRKARIEEAKKTFNGDFEALLSLPGIGYREAISIAMEKFFQRSVSIATISRYCRKYGLTSEELLELIKKLIEERPELIGKKLTLTEVIELALSL,AGGGTTAGGGTT
AGGGTTAGGGTT_1_45_design_10_model_7_relaxed_input_0_model_dldesign_4_model_dldesign_43_model,HSTELO_specblock_design5,RKRRVLSPEQKAILFEAFKRNPYPNDAEIEALAAQTGLTPEQVRNWFQNRRHLVRKARLVRRVHDARATTVEEAVALGVPERDAPLYLWLAQHLDNPYPSAEEREELAAATGMSVEQVRQKFSRLRSALRLLASL,AGGGTTAGGGTT
AGGGTTAGGGTT_1_51_design_0_model_16_dldesign_3_model_dldesign_1_model_dldesign_55_model,HSTELO_specblock_design6,MRRRRTAEQRAALDAAYEKNPFPNTEEIEKLAEELGLTPEQVRTYFRNRIRNEAVKRLKAEIAARKPGLKITLSDIAAEMSKMTGKKVTDGNVYSLLGAKRRAELTPDRTLTPEQAAKWALLQEAIDRLLAKKS,AGGGTTAGGGTT
AGGGTTAGGGTT_2_42_design_4_model_22_dldesign_4_model_dldesign_0_model_dldesign_78_model,HSTELO_specblock_design9,KKRKPRRKRTAEQKAILDAAFAENPTPDKATLERLAKETGLSVKQIRNYFRQRRYQDLFQQKVNGVKRSYGSIVRLKKLLEELLAKVPELKGRKLSLQEVIDLAAQVFADMSTEEIQALTTKEMAERMAAYVVAQLK,AGGGTTAGGGTT
AGGGTTAGGGTT_2_44_design_2_model_13_dldesign_2_model_dldesign_1_model_dldesign_32_model,HSTELO_specblock_design13,HMRIKRLPASARAILDAWFEAHRDNPNPSDEERRELLEKCNVPGLTIKHIVNWFHNRRRMAKEGWTPEKKPRTVRTPEQRAILDAAFERNPFPNGAERRELAEQTGLTVYQVRNWFDHRRRKAKK,AGGGTTAGGGTT
AGGGTTAGGGTT_2_44_design_2_model_13_dldesign_2_model_dldesign_1_model_dldesign_33_model,HSTELO_specblock_design14,SMRIKRLPASARAILDAWFEAHLDNPVPSEEEREELLRRCNVPGLTIENIVNWFHNRRRMYKEGWTPEKKPRTVRTPEQRAILDAAFEENPFPNGAQRRELAAQTGLTVYQVRLWFDHRRRKAKK,AGGGTTAGGGTT
AGGGTTAGGGTT_2_44_design_2_model_13_dldesign_2_model_dldesign_3_model_dldesign_33_model,HSTELO_specblock_design18,MMKIKRLPASARAILDAWFDAHRDNPVPSEEEIEELLKQCNVPGLTKENIRNWFHNRRRMDKEGWVPNPRPRLRRTPEQRAILDAAFERNPFPNGAERRELAAQTGLSVYQVRLWFDHRRRKAKK,AGGGTTAGGGTT
AGGGTTAGGGTT_2_46_design_12_model_2_dldesign_4_model_dldesign_4_model_dldesign_39_model,HSTELO_specblock_design27,RKRTALTAEQKAILDAAFKRNPRPSREERERLAEETGLSVKQVRNWFNNRRRQERNAYLKKEFPLTPEERAAIAAQVRAELAAQGIVLSKKQLQNRIRKAYIEAREKKLAEALGGDRAALLALPGVGERTADRIISLLEK,AGGGTTAGGGTT
AGGGTTAGGGTT_2_50_design_2_model_22_dldesign_1_model_dldesign_1_model_dldesign_11_model,HSTELO_specblock_design36,RRRRLTPEQRAILDAAYKENPKPSLAQREELAEQTGLSLEQVRNWFKNRRRKDKIEAREKEIEAEAGITLKPASRAPRSAEQIAILDAAYERTTRPNRAQLEELARQTGLRITQIRNWFQHRNRKDK,AGGGTTAGGGTT
AGGGTTAGGGTT_2_50_design_2_model_22_dldesign_1_model_dldesign_1_model_dldesign_23_model,HSTELO_specblock_design37,RRRRLTPEQKAILDAAFKENPKPSEEQRRELAERTGLSLEQVRNWFKNRRRKAKIEELEKEIAAKEGITLKPSSRAPRSAEEVAILDAAYAQTTKPNLEQLIELSKQTGLTIRQIRNWFQHRNRKAK,AGGGTTAGGGTT
AGGGTTAGGGTT_3_43_design_5_model_22_dldesign_4_model_dldesign_4_model_dldesign_56_model,HSTELO_specblock_design43,SRSKRPPEARAILDAWFEANLENPWPTVEERKELAEKTGLTVKQVRNYFQARRRKYRVEQYLALRFPALTPEERAACIREALAEARREHPDVPQSTLIGNLRSAVATAYNRDVLKEEVRPLTPLAAALLARLERLGAEAAAAKA,AGGGTTAGGGTT
AGGGTTAGGGTT_3_44_design_2_model_21_dldesign_2_model_dldesign_0_model_dldesign_49_model,HSTELO_specblock_design44,RKIVRRTAEQRAILDAAFARNPYPNGAERRELAARTGLTVKQVRNWFNNRRGVQRFDDALAARGLTRAQLGSADVRPRLIARVSERLGLSPEKVRNLLDSRNMGEEKAEQVVDIAVEVIAELAAA,AGGGTTAGGGTT
AGGGTTAGGGTT_4_43_design_11_model_6_dldesign_4_model_dldesign_3_model_dldesign_23_model,HSTELO_specblock_design79,GAADAAAARAAEIKARLDAAFARASRLNGAERAALAAELGLTVQQVRNWFNGRRYAEKVAAAKAAFAAANRLDTPEGRAALAARKAAARPDLDALFKEKPKLSREEREELAAKYGLSVYWIQNWFKNRRRQAKK,AGGGTTAGGGTT
CAGCAGCAGCAG_1_50_design_1_model_29_dldesign_1_model_dldesign_4_model_dldesign_71_model,CAG_specblock_design3,RKPRTAEQKAILDAAFAKNPKPTLEQKKELAKETGLTVKQITNWFRNRRVAEGKKLLLEDTGGDRAFIEAQLDKVLAAINAAESGKPYTRANIRRMVYNAYYYVHNGEDLRERRRLSPVKLAALEAFLAAVDARDNGHHH,CAGCAGCAGCAG
CAGCAGCAGCAG_3_44_design_1_model_5_dldesign_1_model_dldesign_4_model_dldesign_65_model,CAG_specblock_design27,RRRLTPEQRAILEARFAEKQHLNVEEREALAAETGLTVQQIRVWFQRRRRKARFEEIKKLIEEKRWEELKEVVRNARTRGEIEMIVAALTGKSVDTIRRYRNDKLSAASRARLLASLTPEQQAILEALRARAPLEDLKALLLAYLDS,CAGCAGCAGCAG
CAGCAGCAGCAG_4_46_design_6_model_0_dldesign_0_model_dldesign_4_model_dldesign_16_model,CAG_specblock_design36,SLVERVRRERPTSGELAAMLREAGFDVTAKQVQNWENTIRERAVERWLKRRYGLPTRSTISRWRHSADPAVRARGEELAAQRRAARAALSAARARLPAALREDVRLAIRVSIVENFLAQKDAARPVITATPEAAAALDRELAAAEALL,CAGCAGCAGCAG
GGGGATTCCCCC_4_47_design_6_model_14_dldesign_2_model_dldesign_0_model_dldesign_92_model,NFKB_specblock_design79,KKRKRRRRLTPEQKAAILAAFEKNPYPSDAEIEELAARIGRSPETVRRKFQELRRGVRLRELLKLPYEDLPEHLAPHTRVLLKWFAEHLDNPYPSKEEVKELAEKTGLSVKQVRNKFSQIRSLYRRVS,GGGGATTCCCCC
GGGGATTCCCCC_4_48_design_3_model_0_dldesign_1_model_dldesign_2_model_dldesign_15_model,NFKB_specblock_design82,RPWLTPELRARIEALRREYGTDYERIAARIPGVSAGQVQAFAREARIAAEQAAHPAEYAELRAEAAALKARRDALGLTQKDVAEAIGRSQGTISRFENCRMSIATLRRLGALIRAYLDEVEAARAA,GGGGATTCCCCC
GGGGATTCCCCC_4_44_design_10_model_24_dldesign_3_model_dldesign_4_model_dldesign_61_model,NFKB_specblock_design66,MVIKRGKWTPEEIAAINALYARNPHPDRAELEALAAELGTRTPQQIRDYIRRVIKGEELKKADPELKAEAEELKRRRRALGLTQADVGRLLGERFGEPRSASTISRIENMQVTKAGFERLLPRLVALLDALEAEAAA,GGGGATTCCCCC
GGGGATTCCCCC_4_48_design_3_model_0_dldesign_3_model_dldesign_1_model_dldesign_16_model,NFKB_specblock_design83,GKSYSDELYEKIKELRKIYGKDYEKIAAELPGVTKYQVIRAMREGRLKEKKAEYPEEYAKLEVEAKELKERRKALGLSQKDVAKAIGKSQSTISRFENVKMSIEKLKKLKKEIEAYLKEVEKERAA,GGGGATTCCCCC
GGGGATTCCCCC_4_44_design_10_model_24_dldesign_3_model_dldesign_4_model_dldesign_11_model,NFKB_specblock_design65,MVIRRGKWTPEEIAAILALYAKNPHPNDAELEALAAELGTRTPQQIRDYIRRTIKGEELKKKYPELKKIAEELKRRRKELGLTQADVGELLGEEFGTPKSASTISRIENLKITKSGFLKALPRLIALLDRLEAEAAA,GGGGATTCCCCC
GGGGATTCCCCC_4_47_design_6_model_14_dldesign_2_model_dldesign_0_model_dldesign_98_model,NFKB_specblock_design80,APRKRRRRLTPEQKAAILAAFKKNPYPSDEEIEALAAEIGRSPETVRRKFRDLRRGVKLRELLKLPYEDLPSHLAPHTRVLLKWFSENLDNPYPTKEEVEELAKETGLTVKQVRNKFSQMRTLYKLVS,GGGGATTCCCCC
GGGGATTCCCCC_4_49_design_3_model_0_dldesign_3_model_dldesign_4_model_dldesign_94_model,NFKB_specblock_design89,ARRRRPRTAEEDKIIREAYAKNPKPNEEELKELGELTGRSVEGIRDYIRRYLNPKNRPTPEQLARIAALRARRAALGLSQAEVGEALGRSQSTISRFFNAKLSPAQIDRIAPQVEALLASR,GGGGATTCCCCC
GCTTAATTAGCG_6_51_design_14_model_28_dldesign_0_model_dldesign_4_model_dldesign_38_model,HD_specblock_design94,APVPPKPYGGVKRLPAEARRLLREWALENLDKLFEIVDSPEWKEWREEATEELVELTGLPRKQIENWLRYLRTKIKHMTKEEVRAWLESGKRVRTKLTAEQKAALEEAFARNPHPTDEELRELAERLGLTPWQIRNWFINRRQKVRKEEK,GCTTAATTAGCG
GCTTAATTAGCG_6_43_design_10_model_13_dldesign_0_model_dldesign_4_model_dldesign_97_model,HD_specblock_design82,MGQGRLTAEEKAILDAWFEAHKDNPYPSDEELEELAKQTGRTVKQVRNWFRYQRKKVKYGYDPSLRGKRLSVEARRILTDWFLANLENPLPSDEEIKQLAKEAGITPYQVVVWFQNRRKEYNKKYKGLPLEELRKIFEEKFK,GCTTAATTAGCG
CAGGCCGCAGG_4_43_design_29_model_11_dldesign_0_model_dldesign_4_model_dldesign_8_model,Dux4grna2_specblock_design80,GRTHRRKTAAERAAIRARLEAAYAKNPNPTKEEIEALAAELELTPKTVRRHFRELRDRDAAAATPREERHKLLTPTEIKVLRTLIECDGDLEAVAEKLKISVDTVRRHVRRIMTKLDVASLEEALALARELGI,CAGGCCGCAGG